{
  "arm": "ar",
  "samples_tok_s": [
    74.5855792138941,
    74.27360874853981,
    73.63355451625885,
    72.34702989216494,
    69.2054453612628
  ],
  "mean_tok_s": 72.80904354642409,
  "std_tok_s": 1.9585823978193455,
  "prompt_tokens": [
    18,
    18,
    18,
    18,
    18
  ],
  "completion_tokens": [
    400,
    400,
    400,
    400,
    400
  ],
  "draft_n": [
    null,
    null,
    null,
    null,
    null
  ],
  "draft_n_accepted": [
    null,
    null,
    null,
    null,
    null
  ]
}
