{
  "arm": "dspark",
  "samples_tok_s": [
    113.72026463842784,
    116.39610876168798,
    116.65048627213332,
    116.13322803920659,
    115.86777285629412
  ],
  "mean_tok_s": 115.75357211354996,
  "std_tok_s": 1.049650234314723,
  "prompt_tokens": [
    18,
    18,
    18,
    18,
    18
  ],
  "completion_tokens": [
    400,
    400,
    400,
    400,
    400
  ],
  "draft_n": [
    420,
    420,
    420,
    420,
    420
  ],
  "draft_n_accepted": [
    293,
    293,
    293,
    293,
    293
  ]
}
