{
  "benchmark_overrides": {
    "contexts": [
      1024,
      8192,
      16384,
      65536
    ],
    "repetitions": 3
  },
  "benchmarks": [
    {
      "benchmark": "qwen36-27b-prefill",
      "build_time_s": 0.012073278427124023,
      "constraint_violations": [],
      "context_metrics": [
        {
          "acceptance_rate": 0.0,
          "context_depth": 1024,
          "decode_tok_s": 10114.433333333334,
          "decode_tok_s_samples": [
            9168.7,
            10182.6,
            10992.0
          ],
          "decode_tok_s_stddev": 913.5593813941887,
          "major_faults_delta": 63.0,
          "max_gpu_clock_mhz": 1695.0,
          "measurement_source": "dflash_server.usage.timings",
          "min_gpu_clock_mhz": 1575.0,
          "min_mem_available_GiB": 23.19542694091797,
          "peak_mem_GiB": 17.841796875,
          "peak_power_w": 299.63,
          "peak_temperature_c": 64.0,
          "peak_vram_used_GiB": 17.841796875,
          "prefill_tok_s": 1201.374465751452,
          "prefill_tok_s_samples": [
            1263.9405204460966,
            1184.6689895470383,
            1155.5138872612213
          ],
          "prefill_tok_s_stddev": 56.11050166737106,
          "prompt_tokens": 986.0,
          "prompt_tokens_max": 986,
          "prompt_tokens_min": 986,
          "swap_growth_GiB": 0.004150390625,
          "telemetry_samples": 5.0
        },
        {
          "acceptance_rate": 0.0,
          "context_depth": 8192,
          "decode_tok_s": 10222.666666666666,
          "decode_tok_s_samples": [
            10578.8,
            11583.7,
            8505.5
          ],
          "decode_tok_s_stddev": 1569.6980675701088,
          "major_faults_delta": 374.0,
          "max_gpu_clock_mhz": 1770.0,
          "measurement_source": "dflash_server.usage.timings",
          "min_gpu_clock_mhz": 1530.0,
          "min_mem_available_GiB": 23.07998275756836,
          "peak_mem_GiB": 18.4111328125,
          "peak_power_w": 301.2,
          "peak_temperature_c": 69.0,
          "peak_vram_used_GiB": 18.4111328125,
          "prefill_tok_s": 1248.0299831189907,
          "prefill_tok_s_samples": [
            1258.1391760530782,
            1248.6027103590843,
            1237.3480629448097
          ],
          "prefill_tok_s_stddev": 10.407382400914393,
          "prompt_tokens": 8154.0,
          "prompt_tokens_max": 8154,
          "prompt_tokens_min": 8154,
          "swap_growth_GiB": 0.009395599365234375,
          "telemetry_samples": 27.0
        },
        {
          "acceptance_rate": 0.0,
          "context_depth": 16384,
          "decode_tok_s": 10572.733333333334,
          "decode_tok_s_samples": [
            10459.6,
            10983.6,
            10275.0
          ],
          "decode_tok_s_stddev": 367.59740659223024,
          "major_faults_delta": 795.0,
          "max_gpu_clock_mhz": 1695.0,
          "measurement_source": "dflash_server.usage.timings",
          "min_gpu_clock_mhz": 1500.0,
          "min_mem_available_GiB": 22.949535369873047,
          "peak_mem_GiB": 18.90625,
          "peak_power_w": 301.85,
          "peak_temperature_c": 72.0,
          "peak_vram_used_GiB": 18.90625,
          "prefill_tok_s": 1199.3668423896333,
          "prefill_tok_s_samples": [
            1227.7670953010454,
            1155.7579314294603,
            1214.5755004383943
          ],
          "prefill_tok_s_stddev": 38.3380669844517,
          "prompt_tokens": 16346.0,
          "prompt_tokens_max": 16346,
          "prompt_tokens_min": 16346,
          "swap_growth_GiB": 0.0,
          "telemetry_samples": 53.0
        },
        {
          "acceptance_rate": 0.0,
          "context_depth": 65536,
          "decode_tok_s": 10469.066666666668,
          "decode_tok_s_samples": [
            10933.5,
            10457.6,
            10016.1
          ],
          "decode_tok_s_stddev": 458.8074795961081,
          "major_faults_delta": 4051.0,
          "max_gpu_clock_mhz": 1995.0,
          "measurement_source": "dflash_server.usage.timings",
          "min_gpu_clock_mhz": 1395.0,
          "min_mem_available_GiB": 22.89651870727539,
          "peak_mem_GiB": 21.9052734375,
          "peak_power_w": 302.23,
          "peak_temperature_c": 71.0,
          "peak_vram_used_GiB": 21.9052734375,
          "prefill_tok_s": 941.6007623189029,
          "prefill_tok_s_samples": [
            940.6861330012825,
            942.1678289488826,
            941.9483250065433
          ],
          "prefill_tok_s_stddev": 0.7996596692740847,
          "prompt_tokens": 65498.0,
          "prompt_tokens_max": 65498,
          "prompt_tokens_min": 65498,
          "swap_growth_GiB": 0.0,
          "telemetry_samples": 264.0
        }
      ],
      "correctness": "pass",
      "correctness_details": [
        {
          "actual": "I",
          "expected": "I",
          "passed": true,
          "prompt": "Continue analyzing this deterministic synthetic record."
        }
      ],
      "decode_tok_s": 10343.088720999327,
      "decode_tok_s_stddev": 477.2430541226696,
      "major_faults_delta": 4051.0,
      "min_mem_available_GiB": 22.89651870727539,
      "peak_mem_GiB": 21.9052734375,
      "peak_power_w": 302.23,
      "peak_temperature_c": 72.0,
      "peak_vram_used_GiB": 21.9052734375,
      "prefill_tok_s": 1140.7239608317325,
      "prefill_tok_s_stddev": 17.188566042383165,
      "score": 1140.7239608317325,
      "score_stddev": 17.188566042383165,
      "swap_growth_GiB": 0.009395599365234375
    }
  ],
  "build_time_s": 0.012073278427124023,
  "correctness": "pass",
  "decode_tok_s": 10343.088720999327,
  "experiment": {
    "cmake_flags": [],
    "description": "baseline",
    "runtime_env": {
      "DFLASH27B_KV_K": "f16",
      "DFLASH27B_KV_V": "f16",
      "GGML_CUDA": "ON"
    },
    "runtime_flags": {}
  },
  "peak_mem_GiB": 21.9052734375,
  "prefill_tok_s": 1140.7239608317325,
  "score": 1140.7239608317325,
  "score_stddev": 17.188566042383165,
  "source_evidence": {
    "backend": "cuda",
    "binary_sha256": "a066bc87c9068978a70559f892c6f1a155ce9d1020994f60a4551185553e51ba",
    "dirty_paths": [],
    "product_backends": [
      "cuda",
      "hip"
    ],
    "product_digest": "c5ea9979d187f00ca111a025e7642aba29a1425e989f59b85d72292c05912efd",
    "product_revision": "5e302cbb483819cd21e72f5dd8becaa609eca8cf",
    "resolved_kv_cache": {
      "key": "f16",
      "value": "f16"
    },
    "runtime_artifacts": {
      "dependencies": [
        {
          "name": "ld-linux-x86-64.so.2",
          "path": "/usr/lib/x86_64-linux-gnu/ld-linux-x86-64.so.2",
          "sha256": "1cd555ac46b7887edeaf3c42aac5408c8135e52f6b37870da2cf82d5fe14e829",
          "size_bytes": 236616
        },
        {
          "name": "libc.so.6",
          "path": "/usr/lib/x86_64-linux-gnu/libc.so.6",
          "sha256": "d8db8739a1633c972cec6a4fe0566bdcec6fd088f98723492ab0361f66238f75",
          "size_bytes": 2125328
        },
        {
          "name": "libcublas.so.12",
          "path": "/usr/local/cuda-12.6/targets/x86_64-linux/lib/libcublas.so.12.6.4.1",
          "sha256": "d9343511e1d2ed51e4d65fa94a25cb8f73b0ebc5ae5487da794e18e6950c98dc",
          "size_bytes": 108244960
        },
        {
          "name": "libcublasLt.so.12",
          "path": "/usr/local/cuda-12.6/targets/x86_64-linux/lib/libcublasLt.so.12.6.4.1",
          "sha256": "a4ddaed1410acc604815f0e84cdd6c4a70c61cfd2b95dc96360f0799169f0374",
          "size_bytes": 491106832
        },
        {
          "name": "libcuda.so.1",
          "path": "/usr/lib/wsl/lib/libcuda.so.1",
          "sha256": "158e0c4e9427a5fbc34ebe07000505744adf115f3baf857dae87dcf1f0674732",
          "size_bytes": 187984
        },
        {
          "name": "libcudart.so.12",
          "path": "/usr/local/cuda-12.6/targets/x86_64-linux/lib/libcudart.so.12.6.77",