{
  "benchmark_overrides": {
    "contexts": [
      1024,
      8192,
      16384,
      65536
    ],
    "repetitions": 3
  },
  "benchmarks": [
    {
      "benchmark": "qwen36-27b-prefill",
      "build_time_s": 0.013216495513916016,
      "constraint_violations": [],
      "context_metrics": [
        {
          "acceptance_rate": 0.0,
          "context_depth": 1024,
          "decode_tok_s": 11435.766666666668,
          "decode_tok_s_samples": [
            11231.2,
            11146.9,
            11929.2
          ],
          "decode_tok_s_stddev": 429.39953811495144,
          "major_faults_delta": 57.0,
          "max_gpu_clock_mhz": 1695.0,
          "measurement_source": "dflash_server.usage.timings",
          "min_gpu_clock_mhz": 1590.0,
          "min_mem_available_GiB": 23.269306182861328,
          "peak_mem_GiB": 17.7705078125,
          "peak_power_w": 298.84,
          "peak_temperature_c": 65.0,
          "peak_vram_used_GiB": 17.7705078125,
          "prefill_tok_s": 1250.7541804912678,
          "prefill_tok_s_samples": [
            1241.188318227593,
            1247.9432983166687,
            1263.1309249295412
          ],
          "prefill_tok_s_stddev": 11.23811777695459,
          "prompt_tokens": 986.0,
          "prompt_tokens_max": 986,
          "prompt_tokens_min": 986,
          "swap_growth_GiB": 0.0,
          "telemetry_samples": 5.0
        },
        {
          "acceptance_rate": 0.0,
          "context_depth": 8192,
          "decode_tok_s": 8418.366666666667,
          "decode_tok_s_samples": [
            10181.1,
            5456.9,
            9617.1
          ],
          "decode_tok_s_stddev": 2580.162323059023,
          "major_faults_delta": 381.0,
          "max_gpu_clock_mhz": 1725.0,
          "measurement_source": "dflash_server.usage.timings",
          "min_gpu_clock_mhz": 1560.0,
          "min_mem_available_GiB": 23.015647888183594,
          "peak_mem_GiB": 18.0556640625,
          "peak_power_w": 300.88,
          "peak_temperature_c": 70.0,
          "peak_vram_used_GiB": 18.0556640625,
          "prefill_tok_s": 1250.8386006495068,
          "prefill_tok_s_samples": [
            1276.635718870849,
            1264.578163771712,
            1211.30191930596
          ],
          "prefill_tok_s_stddev": 34.76647864665137,
          "prompt_tokens": 8154.0,
          "prompt_tokens_max": 8154,
          "prompt_tokens_min": 8154,
          "swap_growth_GiB": 0.0,
          "telemetry_samples": 26.0
        },
        {
          "acceptance_rate": 0.0,
          "context_depth": 16384,
          "decode_tok_s": 9550.199999999999,
          "decode_tok_s_samples": [
            10619.2,
            8040.0,
            9991.4
          ],
          "decode_tok_s_stddev": 1345.0134720514886,
          "major_faults_delta": 737.0,
          "max_gpu_clock_mhz": 1695.0,
          "measurement_source": "dflash_server.usage.timings",
          "min_gpu_clock_mhz": 1395.0,
          "min_mem_available_GiB": 22.98275375366211,
          "peak_mem_GiB": 17.8818359375,
          "peak_power_w": 301.14,
          "peak_temperature_c": 72.0,
          "peak_vram_used_GiB": 17.8818359375,
          "prefill_tok_s": 1198.5598270019152,
          "prefill_tok_s_samples": [
            1182.7443489334607,
            1212.197618023523,
            1200.7375140487613
          ],
          "prefill_tok_s_stddev": 14.846902224989801,
          "prompt_tokens": 16346.0,
          "prompt_tokens_max": 16346,
          "prompt_tokens_min": 16346,
          "swap_growth_GiB": 0.0,
          "telemetry_samples": 53.0
        },
        {
          "acceptance_rate": 0.0,
          "context_depth": 65536,
          "decode_tok_s": 11044.4,
          "decode_tok_s_samples": [
            11132.3,
            11764.0,
            10236.9
          ],
          "decode_tok_s_stddev": 767.3352657085429,
          "major_faults_delta": 3958.0,
          "max_gpu_clock_mhz": 1860.0,
          "measurement_source": "dflash_server.usage.timings",
          "min_gpu_clock_mhz": 1395.0,
          "min_mem_available_GiB": 22.948814392089844,
          "peak_mem_GiB": 19.2587890625,
          "peak_power_w": 302.59,
          "peak_temperature_c": 70.0,
          "peak_vram_used_GiB": 19.2587890625,
          "prefill_tok_s": 937.6965014960197,
          "prefill_tok_s_samples": [
            935.7071018766145,
            939.2521890263314,
            938.1302135851132
          ],
          "prefill_tok_s_stddev": 1.8119024137467643,
          "prompt_tokens": 65498.0,
          "prompt_tokens_max": 65498,
          "prompt_tokens_min": 65498,
          "swap_growth_GiB": 0.0,
          "telemetry_samples": 265.0
        }
      ],
      "correctness": "pass",
      "correctness_details": [
        {
          "actual": "I",
          "expected": "I",
          "passed": true,
          "prompt": "Continue analyzing this deterministic synthetic record."
        }
      ],
      "decode_tok_s": 10038.340649394437,
      "decode_tok_s_stddev": 759.9130800076196,
      "major_faults_delta": 3958.0,
      "min_mem_available_GiB": 22.948814392089844,
      "peak_mem_GiB": 19.2587890625,
      "peak_power_w": 302.59,
      "peak_temperature_c": 72.0,
      "peak_vram_used_GiB": 19.2587890625,
      "prefill_tok_s": 1151.5261709911451,
      "prefill_tok_s_stddev": 9.87014698691247,
      "score": 1151.5261709911451,
      "score_stddev": 9.87014698691247,
      "swap_growth_GiB": 0.0
    }
  ],
  "build_time_s": 0.013216495513916016,
  "correctness": "pass",
  "decode_tok_s": 10038.340649394437,
  "experiment": {
    "cmake_flags": [],
    "description": "baseline",
    "runtime_env": {
      "DFLASH27B_KV_K": "q4_0",
      "DFLASH27B_KV_V": "q4_0",
      "GGML_CUDA": "ON"
    },
    "runtime_flags": {}
  },
  "peak_mem_GiB": 19.2587890625,
  "prefill_tok_s": 1151.5261709911451,
  "score": 1151.5261709911451,
  "score_stddev": 9.87014698691247,
  "source_evidence": {
    "backend": "cuda",
    "binary_sha256": "a066bc87c9068978a70559f892c6f1a155ce9d1020994f60a4551185553e51ba",
    "dirty_paths": [],
    "product_backends": [
      "cuda",
      "hip"
    ],
    "product_digest": "c5ea9979d187f00ca111a025e7642aba29a1425e989f59b85d72292c05912efd",
    "product_revision": "5e302cbb483819cd21e72f5dd8becaa609eca8cf",
    "resolved_kv_cache": {
      "key": "q4_0",
      "value": "q4_0"
    },
    "runtime_artifacts": {
      "dependencies": [
        {
          "name": "ld-linux-x86-64.so.2",
          "path": "/usr/lib/x86_64-linux-gnu/ld-linux-x86-64.so.2",
          "sha256": "1cd555ac46b7887edeaf3c42aac5408c8135e52f6b37870da2cf82d5fe14e829",
          "size_bytes": 236616
        },
        {
          "name": "libc.so.6",
          "path": "/usr/lib/x86_64-linux-gnu/libc.so.6",
          "sha256": "d8db8739a1633c972cec6a4fe0566bdcec6fd088f98723492ab0361f66238f75",
          "size_bytes": 2125328
        },
        {
          "name": "libcublas.so.12",
          "path": "/usr/local/cuda-12.6/targets/x86_64-linux/lib/libcublas.so.12.6.4.1",
          "sha256": "d9343511e1d2ed51e4d65fa94a25cb8f73b0ebc5ae5487da794e18e6950c98dc",
          "size_bytes": 108244960
        },
        {
          "name": "libcublasLt.so.12",
          "path": "/usr/local/cuda-12.6/targets/x86_64-linux/lib/libcublasLt.so.12.6.4.1",
          "sha256": "a4ddaed1410acc604815f0e84cdd6c4a70c61cfd2b95dc96360f0799169f0374",
          "size_bytes": 491106832
        },
        {
          "name": "libcuda.so.1",
          "path": "/usr/lib/wsl/lib/libcuda.so.1",
          "sha256": "158e0c4e9427a5fbc34ebe07000505744adf115f3baf857dae87dcf1f0674732",
          "size_bytes": 187984
        },
        {
          "name": "libcudart.so.12",
          "path": "/usr/local/cuda-12.6/targets/x86_64-linux/lib/libcudart.so.12.6.77",
          "sha256": "095296727cfb5f51e5b3ae69a3cb88cbd7b6592f314ace0fdfc4e1d758c2aa85",