{
  "benchmark_overrides": {
    "contexts": [
      1024,
      8192,
      16384,
      65536
    ],
    "repetitions": 3
  },
  "benchmarks": [
    {
      "benchmark": "qwen36-27b-prefill",
      "build_time_s": 0.013736486434936523,
      "constraint_violations": [],
      "context_metrics": [
        {
          "acceptance_rate": 0.0,
          "context_depth": 1024,
          "decode_tok_s": 9916.833333333334,
          "decode_tok_s_samples": [
            8065.0,
            10417.6,
            11267.9
          ],
          "decode_tok_s_stddev": 1659.13156299714,
          "major_faults_delta": 57.0,
          "max_gpu_clock_mhz": 1830.0,
          "measurement_source": "dflash_server.usage.timings",
          "min_gpu_clock_mhz": 1605.0,
          "min_mem_available_GiB": 23.238609313964844,
          "peak_mem_GiB": 17.7978515625,
          "peak_power_w": 299.29,
          "peak_temperature_c": 66.0,
          "peak_vram_used_GiB": 17.7978515625,
          "prefill_tok_s": 1240.825332129585,
          "prefill_tok_s_samples": [
            1240.5636638147962,
            1239.3162393162393,
            1242.596093257719
          ],
          "prefill_tok_s_stddev": 1.6555099515205023,
          "prompt_tokens": 986.0,
          "prompt_tokens_max": 986,
          "prompt_tokens_min": 986,
          "swap_growth_GiB": 0.0,
          "telemetry_samples": 5.0
        },
        {
          "acceptance_rate": 0.0,
          "context_depth": 8192,
          "decode_tok_s": 9146.233333333334,
          "decode_tok_s_samples": [
            10255.0,
            7933.8,
            9249.9
          ],
          "decode_tok_s_stddev": 1164.067198804834,
          "major_faults_delta": 367.0,
          "max_gpu_clock_mhz": 1695.0,
          "measurement_source": "dflash_server.usage.timings",
          "min_gpu_clock_mhz": 1560.0,
          "min_mem_available_GiB": 23.143688201904297,
          "peak_mem_GiB": 17.8369140625,
          "peak_power_w": 301.13,
          "peak_temperature_c": 70.0,
          "peak_vram_used_GiB": 17.8369140625,
          "prefill_tok_s": 1248.8672957892372,
          "prefill_tok_s_samples": [
            1251.6693529818099,
            1247.8765896882603,
            1247.0559446976415
          ],
          "prefill_tok_s_stddev": 2.4610989279167574,
          "prompt_tokens": 8154.0,
          "prompt_tokens_max": 8154,
          "prompt_tokens_min": 8154,
          "swap_growth_GiB": 0.0,
          "telemetry_samples": 26.0
        },
        {
          "acceptance_rate": 0.0,
          "context_depth": 16384,
          "decode_tok_s": 10418.366666666667,
          "decode_tok_s_samples": [
            9034.3,
            11527.4,
            10693.4
          ],
          "decode_tok_s_stddev": 1269.1018096801115,
          "major_faults_delta": 808.0,
          "max_gpu_clock_mhz": 1800.0,
          "measurement_source": "dflash_server.usage.timings",
          "min_gpu_clock_mhz": 1455.0,
          "min_mem_available_GiB": 22.9615478515625,
          "peak_mem_GiB": 18.4853515625,
          "peak_power_w": 301.88,
          "peak_temperature_c": 72.0,
          "peak_vram_used_GiB": 18.4853515625,
          "prefill_tok_s": 1188.891623142047,
          "prefill_tok_s_samples": [
            1192.0684349088046,
            1191.4254684869202,
            1183.1809660304157
          ],
          "prefill_tok_s_stddev": 4.956011999570358,
          "prompt_tokens": 16346.0,
          "prompt_tokens_max": 16346,
          "prompt_tokens_min": 16346,
          "swap_growth_GiB": 0.0,
          "telemetry_samples": 54.0
        },
        {
          "acceptance_rate": 0.0,
          "context_depth": 65536,
          "decode_tok_s": 7449.366666666666,
          "decode_tok_s_samples": [
            6518.0,
            7503.8,
            8326.3
          ],
          "decode_tok_s_stddev": 905.3780775639162,
          "major_faults_delta": 3843.0,
          "max_gpu_clock_mhz": 1995.0,
          "measurement_source": "dflash_server.usage.timings",
          "min_gpu_clock_mhz": 1395.0,
          "min_mem_available_GiB": 22.958587646484375,
          "peak_mem_GiB": 20.2626953125,
          "peak_power_w": 303.08,
          "peak_temperature_c": 70.0,
          "peak_vram_used_GiB": 20.2626953125,
          "prefill_tok_s": 933.3066865214205,
          "prefill_tok_s_samples": [
            931.490017108652,
            933.4095284784106,
            935.020513977199
          ],
          "prefill_tok_s_stddev": 1.7674938149236374,
          "prompt_tokens": 65498.0,
          "prompt_tokens_max": 65498,
          "prompt_tokens_min": 65498,
          "swap_growth_GiB": 0.000244140625,
          "telemetry_samples": 268.0
        }
      ],
      "correctness": "pass",
      "correctness_details": [
        {
          "actual": "I",
          "expected": "I",
          "passed": true,
          "prompt": "Continue analyzing this deterministic synthetic record."
        }
      ],
      "decode_tok_s": 9159.748936830314,
      "decode_tok_s_stddev": 639.2426599761105,
      "major_faults_delta": 3843.0,
      "min_mem_available_GiB": 22.958587646484375,
      "peak_mem_GiB": 20.2626953125,
      "peak_power_w": 303.08,
      "peak_temperature_c": 72.0,
      "peak_vram_used_GiB": 20.2626953125,
      "prefill_tok_s": 1145.113137217267,
      "prefill_tok_s_stddev": 1.5100457455457914,
      "score": 1145.113137217267,
      "score_stddev": 1.5100457455457914,
      "swap_growth_GiB": 0.000244140625
    }
  ],
  "build_time_s": 0.013736486434936523,
  "correctness": "pass",
  "decode_tok_s": 9159.748936830314,
  "experiment": {
    "cmake_flags": [],
    "description": "baseline",
    "runtime_env": {
      "DFLASH27B_KV_K": "q8_0",
      "DFLASH27B_KV_V": "q8_0",
      "GGML_CUDA": "ON"
    },
    "runtime_flags": {}
  },
  "peak_mem_GiB": 20.2626953125,
  "prefill_tok_s": 1145.113137217267,
  "score": 1145.113137217267,
  "score_stddev": 1.5100457455457914,
  "source_evidence": {
    "backend": "cuda",
    "binary_sha256": "a066bc87c9068978a70559f892c6f1a155ce9d1020994f60a4551185553e51ba",
    "dirty_paths": [],
    "product_backends": [
      "cuda",
      "hip"
    ],
    "product_digest": "c5ea9979d187f00ca111a025e7642aba29a1425e989f59b85d72292c05912efd",
    "product_revision": "5e302cbb483819cd21e72f5dd8becaa609eca8cf",
    "resolved_kv_cache": {
      "key": "q8_0",
      "value": "q8_0"
    },
    "runtime_artifacts": {
      "dependencies": [
        {
          "name": "ld-linux-x86-64.so.2",
          "path": "/usr/lib/x86_64-linux-gnu/ld-linux-x86-64.so.2",
          "sha256": "1cd555ac46b7887edeaf3c42aac5408c8135e52f6b37870da2cf82d5fe14e829",
          "size_bytes": 236616
        },
        {
          "name": "libc.so.6",
          "path": "/usr/lib/x86_64-linux-gnu/libc.so.6",
          "sha256": "d8db8739a1633c972cec6a4fe0566bdcec6fd088f98723492ab0361f66238f75",
          "size_bytes": 2125328
        },
        {
          "name": "libcublas.so.12",
          "path": "/usr/local/cuda-12.6/targets/x86_64-linux/lib/libcublas.so.12.6.4.1",
          "sha256": "d9343511e1d2ed51e4d65fa94a25cb8f73b0ebc5ae5487da794e18e6950c98dc",
          "size_bytes": 108244960
        },
        {
          "name": "libcublasLt.so.12",
          "path": "/usr/local/cuda-12.6/targets/x86_64-linux/lib/libcublasLt.so.12.6.4.1",
          "sha256": "a4ddaed1410acc604815f0e84cdd6c4a70c61cfd2b95dc96360f0799169f0374",
          "size_bytes": 491106832
        },
        {
          "name": "libcuda.so.1",
          "path": "/usr/lib/wsl/lib/libcuda.so.1",
          "sha256": "158e0c4e9427a5fbc34ebe07000505744adf115f3baf857dae87dcf1f0674732",
          "size_bytes": 187984
        },
        {
          "name": "libcudart.so.12",
          "path": "/usr/local/cuda-12.6/targets/x86_64-linux/lib/libcudart.so.12.6.77",
          "sha256": "095296727cfb5f51e5b3ae69a3cb88cbd7b6592f314ace0fdfc4e1d758c2aa85",